{"count":1,"self":271.8057728,"total":703.9820919,"children":{"InitializeActuators":{"count":1,"self":0.0015130999999999999,"total":0.0015130999999999999,"children":null},"InitializeSensors":{"count":1,"self":0.0015145999999999998,"total":0.0015145999999999998,"children":null},"AgentSendState":{"count":566017,"self":1.1315249,"total":2.4173538,"children":{"CollectObservations":{"count":56602,"self":0.096875499999999989,"total":0.096875499999999989,"children":null},"WriteActionMask":{"count":56602,"self":0.048609099999999995,"total":0.048609099999999995,"children":null},"RequestDecision":{"count":56602,"self":0.286052,"total":1.1403443,"children":{"AgentInfo.ToProto":{"count":56602,"self":0.3503379,"total":0.8542923,"children":{"GenerateSensorData":{"count":56602,"self":0.5039544,"total":0.5039544,"children":null}}}}}}},"DecideAction":{"count":566017,"self":426.78638079999996,"total":426.78638259999997,"children":null},"AgentAct":{"count":566017,"self":2.9619915999999997,"total":2.9695608,"children":{"AgentInfo.ToProto":{"count":455,"self":0.0035356,"total":0.0075692999999999993,"children":{"GenerateSensorData":{"count":455,"self":0.0040336999999999994,"total":0.0040336999999999994,"children":null}}}}}},"gauges":{"PathAgent.CumulativeReward":{"count":455,"max":-1,"min":-1681.88367,"runningAverage":-10.6948156,"value":-1,"weightedAverage":-18.11801}},"metadata":{"timer_format_version":"0.1.0","start_time_seconds":"1744561158","unity_version":"6000.0.43f1","command_line_arguments":"C:\\Program Files\\Unity\\Hub\\Editor\\6000.0.43f1\\Editor\\Unity.exe -projectpath D:\\Facultate\\Proiect AI\\ai-project\\AI Project - Unity -useHub -hubIPC -cloudEnvironment production","communication_protocol_version":"1.5.0","com.unity.ml-agents_version":"3.0.0","scene_name":"SampleScene","end_time_seconds":"1744561862"}}