{"count":1,"self":1447.6009471999998,"total":1553.0182654,"children":{"InitializeActuators":{"count":1,"self":0.0020001999999999997,"total":0.0020001999999999997,"children":null},"InitializeSensors":{"count":1,"self":0.0010136,"total":0.0010136,"children":null},"AgentSendState":{"count":130001,"self":0.31162819999999997,"total":0.64409129999999992,"children":{"CollectObservations":{"count":13001,"self":0.0325509,"total":0.0325509,"children":null},"WriteActionMask":{"count":13001,"self":0.009726499999999999,"total":0.009726499999999999,"children":null},"RequestDecision":{"count":13001,"self":0.0771593,"total":0.2901857,"children":{"AgentInfo.ToProto":{"count":13001,"self":0.0802174,"total":0.21302639999999998,"children":{"GenerateSensorData":{"count":13001,"self":0.13280899999999998,"total":0.13280899999999998,"children":null}}}}}}},"DecideAction":{"count":130001,"self":104.0998912,"total":104.0998937,"children":null},"AgentAct":{"count":130001,"self":0.6703446,"total":0.6703446,"children":null}},"gauges":{},"metadata":{"timer_format_version":"0.1.0","start_time_seconds":"1744551967","unity_version":"6000.0.43f1","command_line_arguments":"F:\\UnityEditor\\6000.0.43f1\\Editor\\Unity.exe -projectpath F:\\Unity-First Try\\ai-project\\AI Project - Unity -useHub -hubIPC -cloudEnvironment production","communication_protocol_version":"1.5.0","com.unity.ml-agents_version":"3.0.0","scene_name":"SampleScene","end_time_seconds":"1744553520"}}