{"count":1,"self":14.544255999999999,"total":77.526517,"children":{"InitializeActuators":{"count":27,"self":0.0025284,"total":0.0025284,"children":null},"InitializeSensors":{"count":27,"self":0.0025231999999999997,"total":0.0025231999999999997,"children":null},"AgentSendState":{"count":10967,"self":1.1886862999999999,"total":4.1547089999999995,"children":{"CollectObservations":{"count":59238,"self":0.19460449999999999,"total":0.19460449999999999,"children":null},"WriteActionMask":{"count":59238,"self":0.0293241,"total":0.0293241,"children":null},"RequestDecision":{"count":59238,"self":0.1283368,"total":2.7420941,"children":{"AgentInfo.ToProto":{"count":59238,"self":0.1083089,"total":2.6137573,"children":{"GenerateSensorData":{"count":59238,"self":2.4156147999999997,"total":2.5054483999999997,"children":{"RayPerceptionSensor.Perceive":{"count":59238,"self":0.0898335,"total":0.0898335,"children":null}}}}}}}}},"DecideAction":{"count":10967,"self":57.703443199999995,"total":57.703443699999994,"children":null},"AgentAct":{"count":10967,"self":1.0598022999999999,"total":1.1185161,"children":{"AgentInfo.ToProto":{"count":711,"self":0.0031157999999999997,"total":0.0587138,"children":{"GenerateSensorData":{"count":711,"self":0.0525623,"total":0.055597999999999995,"children":{"RayPerceptionSensor.Perceive":{"count":711,"self":0.0030356999999999997,"total":0.0030356999999999997,"children":null}}}}}}}},"gauges":{"PathAgent.CumulativeReward":{"count":711,"max":-3.49999928,"min":-25.8000546,"runningAverage":-7.64866066,"value":-8.399996,"weightedAverage":-7.273103}},"metadata":{"timer_format_version":"0.1.0","start_time_seconds":"1747070470","unity_version":"6000.0.43f1","command_line_arguments":"C:\\Program Files\\Unity\\Hub\\Editor\\6000.0.43f1\\Editor\\Unity.exe -projectpath D:\\Facultate\\Proiect AI\\ai-project\\AI Project - Unity -useHub -hubIPC -cloudEnvironment production","communication_protocol_version":"1.5.0","com.unity.ml-agents_version":"3.0.0","scene_name":"SimpleScene","end_time_seconds":"1747070547"}}